Date,Price,log_return
2020-01-01,916.40491946569,0.0
2020-01-02,916.7299822640537,0.0003546523515138844
2020-01-03,913.4147821106068,-0.0036228869366672356
2020-01-06,922.0868163819872,0.00944929582734666
2020-01-07,938.7808063562406,0.01794263883943703
2020-01-08,938.7565290459634,-2.586080161570692e-05
2020-01-09,932.4336711841679,-0.006758139205764735
2020-01-10,931.495975760214,-0.0010061490299237974
2020-01-13,951.560939155435,0.02131186017977349
2020-01-14,974.5574412768616,0.023879731527907566
2020-01-15,982.3519685408526,0.007966202671570777
2020-01-16,1003.2868802220502,0.02108710498095423
2020-01-17,1009.6794442964806,0.006351408353362231
2020-01-20,1045.2261771286285,0.034600400849027935
2020-01-21,1031.9269362919556,-0.012805433054881021
2020-01-22,1033.0020400151636,0.0010412985944681097
2020-01-23,1020.0545190575242,-0.012613089056648263
2020-01-24,1009.853294741886,-0.010051008352010449
2020-01-27,1025.8916371291969,0.015757056765423272
2020-01-28,1035.3857700529838,0.0092119576240286
2020-01-29,1023.651308078576,-0.011398132788728255
2020-01-30,1013.7579657711906,-0.009711765028833419
2020-01-31,987.2926427922295,-0.026452970382767838
2020-02-03,986.6234421693894,-0.0006780436651556698
2020-02-04,999.066961030305,0.012533355382370992
2020-02-05,1022.3277970558374,0.023015655635828303
2020-02-06,1031.5291599652774,0.008960141492027063
2020-02-07,1029.7819626846997,-0.001695229487489236
2020-02-10,1039.2288732337195,0.00913187696652873
2020-02-11,1024.568917083075,-0.014207014658282446
2020-02-12,1049.4195968036156,0.023965290962515873
2020-02-13,1100.0334912485575,0.04710337954080668
2020-02-14,1112.6760799820559,0.01142737074496658
2020-02-17,1068.4386989262996,-0.04056957369405367
2020-02-18,1042.4525823492754,-0.024622233882031885
2020-02-19,1052.3218967309717,0.009422863897905032
2020-02-20,1084.2330803248472,0.029873845656874565
2020-02-21,1029.8610117236108,-0.051449045591946074
2020-02-24,1046.4220606313604,0.015952930844062685
2020-02-25,1060.2142836347382,0.013094258159716432
2020-02-26,1067.22387855811,0.006589728823725771
2020-02-27,1100.0141410987187,0.030262264376328396
2020-02-28,1100.852110300862,0.0007614903832555697
2020-03-02,1088.6683909793069,-0.011129235894664191
2020-03-03,1071.7129713411168,-0.015697013572189
2020-03-04,1049.0903097519238,-0.02133485919462519
2020-03-05,1031.9936544692653,-0.01643089871738468
2020-03-06,1076.4992100655923,0.04222178575283664
2020-03-09,1082.6843994490075,0.005729208275401909
2020-03-10,1085.0850616847881,0.0022148694870214314
2020-03-11,1083.9945074309092,-0.0010055457266737733
2020-03-12,1073.46376542684,-0.009762251969769764
2020-03-13,1094.4165901817094,0.01933084283932196
2020-03-16,1105.8414806328387,0.01038513916595285
2020-03-17,1089.8634486506448,-0.014554154168464173
2020-03-18,1067.4477344742747,-0.020781907683809386
2020-03-19,1085.2537893803724,0.01654336266120726
2020-03-20,1084.4797570380272,-0.0007134815023333019
2020-03-23,1103.241187083299,0.017151995593418512
2020-03-24,1085.7751994719522,-0.01595817955452894
2020-03-25,1062.4851935694246,-0.021683515184691693
2020-03-26,1050.9797292749424,-0.010887881630233132
2020-03-27,1055.8283775900138,0.004602846229455615
2020-03-30,1028.348762972971,-0.02637127776600945
2020-03-31,1035.4596975906845,0.006891107283966136
2020-04-01,1039.1979749714496,0.0036037573581184645
2020-04-02,1049.8222771998971,0.010171652303189838
2020-04-03,1015.4292988853044,-0.0333094123932689
2020-04-06,1008.9163628033235,-0.00643463088076679
2020-04-07,1009.155727937156,0.00023722158990580056
2020-04-08,1008.8305076101441,-0.0003223216532388662
2020-04-09,987.9459323904975,-0.020919053729197223
2020-04-10,979.6113017804571,-0.008472109799789074
2020-04-13,980.6964886822872,0.0011071598225154133
2020-04-14,993.0978243684843,0.012566151187188623
2020-04-15,959.9182030829661,-0.03398109744942879
2020-04-16,954.382253591561,-0.005783799407905299
2020-04-17,918.8880258355131,-0.03790000485666578
2020-04-20,915.0885130020972,-0.00414347532687831
2020-04-21,934.8116346879316,0.021324252647678676
2020-04-22,927.9664289386948,-0.007349492346808262
2020-04-23,918.2031925641936,-0.010576847628892772
2020-04-24,907.499362335916,-0.011725845311726601
2020-04-27,917.2884432411943,0.010729110288926869
2020-04-28,912.915208463968,-0.004778968828240693
2020-04-29,888.892019470254,-0.026667239715710167
2020-04-30,868.752283845753,-0.0229177394608433
2020-05-01,897.0722019932975,0.03207832580283654
2020-05-04,875.6160689585606,-0.024208634145384877
2020-05-05,893.3997724124588,0.0201064367546282
2020-05-06,916.8040965798468,0.025859660121923866
2020-05-07,947.2114974419244,0.032628588105950485
2020-05-08,932.4693075351146,-0.015686165597869284
2020-05-11,949.8254332127315,0.018441976391915027
2020-05-12,929.7680739702167,-0.02134304097823403
2020-05-13,883.1614393857596,-0.05142715776457063
2020-05-14,864.4937920196496,-0.02136389036314501
2020-05-15,876.2521725076401,0.013509793578915463
2020-05-18,891.5027790735938,0.0172546369293487
2020-05-19,874.2438051250621,-0.01954926461140527
2020-05-20,882.1375786389974,0.008988738706237065
2020-05-21,890.5689122611553,0.009512457073299174
2020-05-22,909.3331733681407,0.020851068613237267
2020-05-25,924.0639972447399,0.016069775950199983
2020-05-26,921.8094817313593,-0.0024427639923692013
2020-05-27,931.229962334621,0.01016768616790742
2020-05-28,960.4580199962727,0.03090402234049794
2020-05-29,980.3093147776332,0.02045787434224522
2020-06-01,975.2290754112825,-0.0051957566475104855
2020-06-02,952.9723243379265,-0.023086529877688555
2020-06-03,952.1886092266037,-0.0008227285597994793
2020-06-04,977.6637341046533,0.026402646648925554
2020-06-05,969.5516809884497,-0.008332000643595627
2020-06-08,973.459100323004,0.004022030798362053
2020-06-09,1001.5962419515823,0.02849443738604851
2020-06-10,1005.6928472582532,0.004081734929298975
2020-06-11,1022.2183808717065,0.016298444628007225
2020-06-12,1047.5142547766472,0.02444483223140459
2020-06-15,1051.0972716475567,0.00341465803199803
2020-06-16,1058.1429631713638,0.006680811046062551
2020-06-17,1050.8443043363438,-0.006921509755603239
2020-06-18,1070.664695586752,0.01868572600829932
2020-06-19,1052.6783360371621,-0.016941953794630926
2020-06-22,1025.0699614795349,-0.026576847273266146
2020-06-23,1038.7203799612835,0.013228686338485396
2020-06-24,1063.5425296242763,0.02361579340079345
2020-06-25,1094.3729943682986,0.028576246280767492
2020-06-26,1088.1215892535065,-0.0057286943648939825
2020-06-29,1075.2748256178509,-0.011876616374410176
2020-06-30,1052.4370991463093,-0.02146775913673782
2020-07-01,1088.0038428181958,0.03323615892244458
2020-07-02,1083.7530412877788,-0.003914625057621635
2020-07-03,1112.8116134905642,0.02645974247909244
2020-07-06,1160.888311182215,0.04229569970506919
2020-07-07,1203.7924323151415,0.0362914360588924
2020-07-08,1201.6417126660212,-0.0017882179204322668
2020-07-09,1158.0535342583037,-0.036948107682848175
2020-07-10,1120.130910948318,-0.03329504475988987
2020-07-13,1140.8103016763273,0.018293237606513024
2020-07-14,1157.8895795018195,0.014860219257038842
2020-07-15,1169.6470782710685,0.010103040687708287
2020-07-16,1182.4362773117261,0.01087489102040351
2020-07-17,1205.7249852400505,0.01950408170398088
2020-07-20,1220.665384507181,0.01231507367979745
2020-07-21,1235.802264787305,0.012324259084560474
2020-07-22,1245.174987341025,0.007555705829500603
2020-07-23,1249.1793288182212,0.0032107266327310313
2020-07-24,1255.8532771092891,0.005328444880126959
2020-07-27,1216.1803269179952,-0.03210017592199588
2020-07-28,1182.4988109118399,-0.028085231900096375
2020-07-29,1183.9208880287654,0.0012018808740874576
2020-07-30,1233.6518911114351,0.04114707103512849
2020-07-31,1228.3779652279975,-0.004284216080115755
2020-08-03,1226.8340119505103,-0.00125769464743275
2020-08-04,1297.5089360206132,0.056009346146906225
2020-08-05,1326.0012121277286,0.021721582746091705
2020-08-06,1345.5272888466297,0.014618166658112663
2020-08-07,1352.0523439879573,0.004837720293911829
2020-08-10,1370.0133347799372,0.013196780369924
2020-08-11,1381.304965919465,0.00820820661431032
2020-08-12,1406.5184862344295,0.01808881246850902
2020-08-13,1405.5070287715605,-0.0007193800348481716
2020-08-14,1382.0052734769852,-0.016862571088504197
2020-08-17,1381.8231246362623,-0.00013180908128074265
2020-08-18,1361.0264066685113,-0.015164606204207232
2020-08-19,1371.9972852827489,0.008028424762191122
2020-08-20,1360.3338314315235,-0.00853741673043018
2020-08-21,1370.1420419885633,0.007184280834810153
2020-08-24,1392.6013144617368,0.016259032667012008
2020-08-25,1362.8202547338174,-0.02161717813482511
2020-08-26,1343.7930211006737,-0.01406004119724269
2020-08-27,1364.1576672793997,0.015040916503943791
2020-08-28,1317.3770755830606,-0.034894448772797126
2020-08-31,1311.1563346960234,-0.004733249710008991
2020-09-01,1301.5972239607497,-0.007317301974728352
2020-09-02,1311.8077913176928,0.007814035139015907
2020-09-03,1339.6249388661638,0.020983499146390194
2020-09-04,1407.2020953348256,0.04921372503408339
2020-09-07,1462.5173452972685,0.03855575663579547
2020-09-08,1453.4577998106313,-0.006213752988569965
2020-09-09,1465.0177713537344,0.007921965915043572
2020-09-10,1462.0108132773921,-0.002054615489537781
2020-09-11,1426.9884476486925,-0.024246514611892422
2020-09-14,1421.7981655098051,-0.003643858657459198
2020-09-15,1410.7066004612223,-0.007831670310739725
2020-09-16,1425.5009226990337,0.01043256270864834
2020-09-17,1469.2752748376606,0.030245992255226284
2020-09-18,1446.4182504310472,-0.015678940499213923
2020-09-21,1466.8471422364034,0.014024967803337951
2020-09-22,1516.7232571991306,0.033436959826936175
2020-09-23,1483.383818051662,-0.022226414465200683
2020-09-24,1449.506375796455,-0.023102773584776415
2020-09-25,1457.5218668391224,0.0055145741193989295
2020-09-28,1438.6036204481093,-0.013064707012298449
2020-09-29,1447.458046386789,0.006136011452315238
2020-09-30,1438.176161039999,-0.0064331905509780185
2020-10-01,1394.8915749731623,-0.030559067777020665
2020-10-02,1393.5079618878133,-0.0009924067054347674
2020-10-05,1433.7374881055723,0.028460381217874087
2020-10-06,1441.4289027394732,0.005350252427644087
2020-10-07,1414.6723253140137,-0.018736983097197957
2020-10-08,1387.2744802653358,-0.019556915379749462
2020-10-09,1443.5540673831565,0.03976715849274637
2020-10-12,1444.6186361471664,0.000737191935177961
2020-10-13,1458.6416488890748,0.00966025806710924
2020-10-14,1527.1219228257323,0.045879242551413846
2020-10-15,1569.0541081090487,0.02708809115676658
2020-10-16,1555.0282932351558,-0.008979218413233347
2020-10-19,1519.721866337519,-0.022966405030072856
2020-10-20,1480.1555137764433,-0.02638017631031797
2020-10-21,1465.6781674206122,-0.009829110858815326
2020-10-22,1511.3123261755761,0.030660315296136886
2020-10-23,1527.1912841146434,0.010451922742518605
2020-10-26,1561.8548504501553,0.022443835339962526
2020-10-27,1562.8597495665317,0.0006431941982896205
2020-10-28,1550.1398414949754,-0.0081721686690166
2020-10-29,1612.8041395540092,0.039629218398485655
2020-10-30,1582.0823726094723,-0.01923242893616539
2020-11-02,1567.9792844355914,-0.00895422625915554
2020-11-03,1593.7558050454334,0.016305661915363423
2020-11-04,1529.1363963516233,-0.04139024308415529
2020-11-05,1502.3102472288665,-0.017699041125278647
2020-11-06,1501.1421391059125,-0.0007778436489713769
2020-11-09,1522.4267117884842,0.014079338245963413
2020-11-10,1550.0480955609694,0.017980377156955107
2020-11-11,1592.4745004423373,0.027003136210948853
2020-11-12,1628.9175865752266,0.02262664086426458
2020-11-13,1584.3969511779826,-0.02771187443081402
2020-11-16,1533.222636954059,-0.03283204355827962
2020-11-17,1552.7164481983452,0.012634125306874466
2020-11-18,1590.6073094053063,0.024109954669568445
2020-11-19,1616.720727613313,0.016283956576507386
2020-11-20,1581.518755373108,-0.022014232559205205
2020-11-23,1597.2986071759365,0.009928208903084546
2020-11-24,1574.3730516899602,-0.014456701216229106
2020-11-25,1561.9415943474153,-0.007927471475197123
2020-11-26,1544.493233324273,-0.011233806911784328
2020-11-27,1557.6751139700418,0.008498545861268525
2020-11-30,1578.7643605766891,0.013448092725183436
2020-12-01,1596.8491573006042,0.011389920173741963
2020-12-02,1590.954962757665,-0.0036979695350574104
2020-12-03,1602.6375483530499,0.007316298286039746
2020-12-04,1627.196259335395,0.01520770773949387
2020-12-07,1647.9487314218031,0.012672873954882036
2020-12-08,1650.8159651846784,0.001738368600750384
2020-12-09,1675.686688850501,0.014953354727825108
2020-12-10,1658.028572156545,-0.010593755288142326
2020-12-11,1670.8408232912843,0.007697697252729618
2020-12-14,1642.5921733437422,-0.017051399207208107
2020-12-15,1624.858219912999,-0.010855024824221182
2020-12-16,1643.3780957567403,0.011333375121772349
2020-12-17,1669.4659708277818,0.015749859528632726
2020-12-18,1644.3913196472183,-0.015133500049279824
2020-12-21,1650.2853101062094,0.0035778908881836102
2020-12-22,1625.685652701887,-0.015018521266024543
2020-12-23,1646.1289180461617,0.01249675429438657
2020-12-24,1617.4904483356747,-0.017550579035195746
2020-12-25,1677.4173017025116,0.0363794479370636
2020-12-28,1651.498957556002,-0.01557195547239587
2020-12-29,1664.3127054116526,0.007728914030704637
2020-12-30,1673.7775151258743,0.005670808428209995
2020-12-31,1674.6675154525942,0.0005315902393805416
2021-01-01,1669.8646489320254,-0.0028720727360340703
2021-01-04,1629.9177439107643,-0.024213024913454895
2021-01-05,1578.250415013719,-0.03221264846317595
2021-01-06,1550.1120158048698,-0.017989704642588755
2021-01-07,1575.95523298542,0.016534388985004256
2021-01-08,1603.363527128574,0.017242041595025626
2021-01-11,1607.414821030318,0.0025235600919462087
2021-01-12,1629.2180654599806,0.013472998024044891
2021-01-13,1644.611968855037,0.009404285920383337
2021-01-14,1632.5105791459273,-0.0073854087156774995
2021-01-15,1630.8039396124802,-0.0010459547672940772
2021-01-18,1609.039130779857,-0.01343592006228711
2021-01-19,1620.5483938503573,0.007127419031271565
2021-01-20,1669.7032725735287,0.029881322864259374
2021-01-21,1649.1837622014384,-0.012365453609465504
2021-01-22,1627.3080110179983,-0.013353353376585275
2021-01-25,1614.4738914578522,-0.007917982762884357
2021-01-26,1662.3536064839059,0.0292252936215327
2021-01-27,1644.2775241225092,-0.01093334073977914
2021-01-28,1617.650871814842,-0.016326074945197888
2021-01-29,1640.3314818624651,0.01392332676342356
2021-02-01,1629.617136469146,-0.006553242871880194
2021-02-02,1645.0530347615597,0.009427522047293913
2021-02-03,1659.3095690730102,0.008628969929358021
2021-02-04,1652.9776716216747,-0.0038232826468531655
2021-02-05,1615.1354380128575,-0.023159495251761975
2021-02-08,1583.1559139283936,-0.019998546966147224
2021-02-09,1610.4173234921911,0.017073083807146006
2021-02-10,1650.9340557377448,0.024847869582006687
2021-02-11,1630.1517508460934,-0.012668112964176359
2021-02-12,1649.4914816167425,0.01179393828788644
2021-02-15,1592.2122361423942,-0.03534265475528553
2021-02-16,1597.5976083298149,0.0033766133824792988
2021-02-17,1606.0337918738744,0.0052666502416442995
2021-02-18,1598.9083856887846,-0.004446518863887583
2021-02-19,1611.8923465914495,0.008087721886197663
2021-02-22,1608.1045372170206,-0.002352679992104534
2021-02-23,1598.4284921777805,-0.006035225160943014
2021-02-24,1619.34245290936,0.01299921939166726
2021-02-25,1648.3315638484944,0.01774342932509576
2021-02-26,1675.4377687528813,0.01631088270263703
2021-03-01,1709.489017333051,0.02012001997659496
2021-03-02,1751.357726656203,0.02419682534191736
2021-03-03,1801.7091860421672,0.02834443124024766
2021-03-04,1850.6733785834035,0.026813799117989312
2021-03-05,1901.4445731703183,0.027064337672106475
2021-03-08,1907.3518027652156,0.0031018903340154225
2021-03-09,1877.8251587796838,-0.015601512531404182
2021-03-10,1913.0256240071922,0.018571808279530977
2021-03-11,1901.5777274151499,-0.00600216059485259
2021-03-12,1897.8078758369588,-0.0019844539138755835
2021-03-15,1857.8542773539464,-0.02127726305742783
2021-03-16,1915.7627007351143,0.030693613013521137
2021-03-17,2011.249375443971,0.04864028830553835
2021-03-18,2046.3970734382613,0.017324612945795792
2021-03-19,2019.6953840055232,-0.013134021694542142
2021-03-22,2060.223404159159,0.019867725497928923
2021-03-23,2080.055185334494,0.009579999229775815
2021-03-24,2123.1068835481874,0.020486102206082712
2021-03-25,2174.679339009304,0.024000696353003725
2021-03-26,2200.6665544757534,0.011879070451293217
2021-03-29,2185.961160798702,-0.00670467143266773
2021-03-30,2131.54007410792,-0.02521086440830178
2021-03-31,2084.488440562807,-0.022321285042576022
2021-04-01,2040.4788686591046,-0.02133895305103639
2021-04-02,2010.9402206276272,-0.014582135691334486
2021-04-05,2060.6334039977587,0.024411029052180844
2021-04-06,2089.0881886298985,0.013714284190241344
2021-04-07,1992.3432261066964,-0.04741625081650103
2021-04-08,1975.7158223513197,-0.008380672198644135
2021-04-09,1955.0846834877614,-0.010497265522601218
2021-04-12,1930.627327090777,-0.012588518815064731
2021-04-13,1853.4351243327533,-0.04080424875888067
2021-04-14,1854.6469218447633,0.0006535980272595054
2021-04-15,1887.0170677350998,0.017302971935628797
2021-04-16,1929.780741695493,0.022409079873924043
2021-04-19,1922.053176412976,-0.004012413730330344
2021-04-20,1902.4622186120712,-0.010245025648250916
2021-04-21,1914.2041660863292,0.006153005442991244
2021-04-22,1949.5473777402065,0.018295274465149447
2021-04-23,1967.8339088457267,0.009336167503146697
2021-04-26,1988.1282873696414,0.01026023786559449
2021-04-27,1941.8585477068061,-0.02354810826810727
2021-04-28,2036.540433947483,0.04760697378174328
2021-04-29,2036.8431620996014,0.0001486371933978603
2021-04-30,1960.6445570256967,-0.038127864922808286
2021-05-03,2045.916636106831,0.04257264707689945
2021-05-04,2058.5849356773047,0.006172900448789598
2021-05-05,2057.8025894226976,-0.00038011302835627703
2021-05-06,2035.572178378498,-0.01086176119355553
2021-05-07,2068.6353980922645,0.016112213805822506
2021-05-10,2063.266122118684,-0.00259893851271098
2021-05-11,1994.552237024542,-0.0338706408469065
2021-05-12,1972.5881398344766,-0.011073125490296043
2021-05-13,1949.8411957319522,-0.01159852589309196
2021-05-14,1972.0482803970317,0.011324807667479675
2021-05-17,1980.3034922374256,0.004177373027527409
2021-05-18,1939.4733511797851,-0.02083364411124844
2021-05-19,1961.6677463239814,0.011378534664564732
2021-05-20,1949.318806896328,-0.006315020672506222
2021-05-21,1981.4216586712182,0.01633461474186859
2021-05-24,1935.694319629211,-0.02334851285639683
2021-05-25,1985.6592413930905,0.02548488690086348
2021-05-26,2001.1942964645355,0.007793180034785685
2021-05-27,1987.0014931294056,-0.007117435551634799
2021-05-28,2036.5413936562782,0.024626258762056707
2021-05-31,2017.9199587814073,-0.009185716272349431
2021-06-01,2059.1390040109354,0.020220678705970663
2021-06-02,2091.90134186912,0.01578544915803093
2021-06-03,2078.2258388549985,-0.006558817727095878
2021-06-04,2052.7505979862162,-0.012333918728601567
2021-06-07,2026.3569595081378,-0.012941069316293685
2021-06-08,2081.822738546845,0.0270042469808196
2021-06-09,2070.304330560868,-0.005548210515478047
2021-06-10,2047.6745262267073,-0.010990844258739862
2021-06-11,2055.7063806163437,0.003914754603351334
2021-06-14,1983.550777983076,-0.03573096557249045
2021-06-15,2081.401174728971,0.04815274777742662
2021-06-16,2151.239696932834,0.03300297057725299
2021-06-17,2138.0250124493377,-0.0061617676638814345
2021-06-18,2105.937007931636,-0.01512200902775529
2021-06-21,2099.0682704764426,-0.003266936952284638
2021-06-22,2072.765460124391,-0.01260987881192488
2021-06-23,2092.0848015621054,0.009277394764130698
2021-06-24,2112.093860931873,0.009518725084953772
2021-06-25,2001.907253266703,-0.05357945380532847
2021-06-28,1999.6385637081519,-0.0011339066977598122
2021-06-29,1970.9211751698713,-0.014465411015124552
2021-06-30,1939.369967670888,-0.01613787367030195
2021-07-01,1927.9853804327754,-0.005887548000581333
2021-07-02,1911.4529064081614,-0.008611976528076326
2021-07-05,1825.2117598924265,-0.04616762374750927
2021-07-06,1752.1197554339717,-0.040869669384531626
2021-07-07,1796.9257439304968,0.025250940968880364
2021-07-08,1841.0365553278325,0.02425147358308788
2021-07-09,1862.4186221244931,0.011547219209582238
2021-07-12,1905.0683258616632,0.022641897031567382
2021-07-13,1839.3982163793353,-0.03507941271878767
2021-07-14,1825.7723133882575,-0.007435378875751297
2021-07-15,1836.3941298351162,0.005800853891694047
2021-07-16,1800.7549054094702,-0.019597967950607753
2021-07-19,1825.5318893280385,0.013665421903334085
2021-07-20,1790.9851278270344,-0.019105571572807456
2021-07-21,1817.4883578397125,0.014689705608170733
2021-07-22,1801.5864823813329,-0.008787868998390458
2021-07-23,1863.104518043949,0.03357653623905055
2021-07-26,1893.5850147356357,0.016227673493188988
2021-07-27,1912.5744390345171,0.009978342783471206
2021-07-28,1931.6504070031976,0.00992456232892902
2021-07-29,1857.5496118199105,-0.03911656448737144
2021-07-30,1864.8345412395727,0.003914125152465253
2021-08-02,1899.0948677158174,0.018205055925975877
2021-08-03,1960.9159321955842,0.03203428917861739
2021-08-04,2035.9920619216202,0.037571523390257155
2021-08-05,2023.6816176769562,-0.0060647642885278685
2021-08-06,2013.8938975890956,-0.004848325052282831
2021-08-09,2067.2410151855775,0.026144764866463
2021-08-10,2065.008241425608,-0.0010806579364439628
2021-08-11,2091.47187793777,0.012733848517537893
2021-08-12,2083.86772124824,-0.0036424175404414783
2021-08-13,2088.835863665335,0.0023812593746983524
2021-08-16,2123.483577589742,0.0164510293272091
2021-08-17,2094.362871981176,-0.013808548354519168
2021-08-18,2067.447099587784,-0.012934827802740578
2021-08-19,2078.4819718720187,0.0053232451167870565
2021-08-20,2164.5059238522795,0.04055431866994308
2021-08-23,2163.4394858540845,-0.0004928149127696457
2021-08-24,2167.620172787712,0.0019305613690914214
2021-08-25,2118.096923492225,-0.023111863242871955
2021-08-26,2086.416123197559,-0.015070187452188577
2021-08-27,2021.8234441460577,-0.03144802112919809
2021-08-30,2020.0007084556967,-0.0009019372170122608
2021-08-31,2023.2575589784492,0.0016110033105567467
2021-09-01,2084.9857861396376,0.03005317258406226
2021-09-02,2100.328652265581,0.007331795534896379
2021-09-03,2134.510711274243,0.016143611805572
2021-09-06,2098.677016435106,-0.01693029134161783
2021-09-07,2117.344312131555,0.008855466436790138
2021-09-08,2102.4641939202043,-0.007052537984097107
2021-09-09,2131.9935369982713,0.01394739239244469
2021-09-10,2160.752120275825,0.013398890046287804
2021-09-13,2135.8772884452774,-0.011578894700649656
2021-09-14,2184.0832404697117,0.02231870070659081
2021-09-15,2235.28058232309,0.02317058945079431
2021-09-16,2266.3139423547186,0.013787937362527813
2021-09-17,2278.7679233272256,0.005480214662566318
2021-09-20,2235.7565048006445,-0.019055260711478006
2021-09-21,2313.612356375113,0.0342304420359838
2021-09-22,2322.079095277659,0.0036528523977006344
2021-09-23,2359.628298976462,0.016041160076695427
2021-09-24,2448.302364218544,0.03689076561859217
2021-09-27,2408.5565725110705,-0.01636723631512904
2021-09-28,2456.4179777308364,0.019676546674545214
2021-09-29,2472.7351363986086,0.006620698482397991
2021-09-30,2497.5864099085866,0.009999948844324535
2021-10-01,2483.601768800365,-0.00561499680357791
2021-10-04,2478.2770053813856,-0.002146269872902451
2021-10-05,2490.0065589560227,0.004721781764460253
2021-10-06,2502.33036422946,0.004937098795902983
2021-10-07,2489.8364472793687,-0.0050054188921411225
2021-10-08,2506.8453963127286,0.006808123976502323
2021-10-11,2496.5289156367817,-0.004123815110673945
2021-10-12,2443.6992502190546,-0.02138835599951161
2021-10-13,2500.5012819676963,0.022978247199121782
2021-10-14,2552.3045917450327,0.020505487931240296
2021-10-15,2570.843497663133,0.007237341773241646
2021-10-18,2529.2635294664833,-0.016305888975215233
2021-10-19,2503.351970951453,-0.010297543089858863
2021-10-20,2464.909535451452,-0.015475514993449124
2021-10-21,2511.0375272427023,0.018540917995052197
2021-10-22,2470.736734590195,-0.016179645923498853
2021-10-25,2430.1663457311147,-0.01655666923584498
2021-10-26,2391.222034046208,-0.016155163458163813
2021-10-27,2420.0346558604447,0.011977314084810509
2021-10-28,2456.9310807167594,0.015131182299754187
2021-10-29,2509.307537396305,0.02109379059667038
2021-11-01,2396.8623759935717,-0.045846294866925597
2021-11-02,2408.583269260511,0.004878180870350413
2021-11-03,2344.563362176381,-0.02693953450677622
2021-11-04,2367.410443973673,0.009697533044961126
2021-11-05,2326.471882430855,-0.017443811658895747
2021-11-08,2410.3891676598346,0.03543530837410813
2021-11-09,2380.960776230802,-0.012284121107348334
2021-11-10,2463.3215901953226,0.034006585391441746
2021-11-11,2432.7898157713303,-0.012472007951609854
2021-11-12,2449.3506483465535,0.006784276780454235
2021-11-15,2425.3458011482344,-0.009848835300827474
2021-11-16,2456.4065705171656,0.012725425690988779
2021-11-17,2426.9939205792457,-0.01204611649628795
2021-11-18,2386.397071096089,-0.016868694943462437
2021-11-19,2369.280707142465,-0.007198316900278279
2021-11-22,2384.7761251873408,0.006518842102601674
2021-11-23,2408.0646522300085,0.009718123930412048
2021-11-24,2353.933376557753,-0.022735669808259473
2021-11-25,2304.991808746696,-0.0210105834573886
2021-11-26,2268.7466106027055,-0.015849597672541016
2021-11-29,2288.4972631912933,0.008667860133846794
2021-11-30,2317.3368427192504,0.012523228486341687
2021-12-01,2353.0892550705344,0.01531042778159808
2021-12-02,2336.938709283313,-0.006887212507016294
2021-12-03,2336.248849599059,-0.00029524160140059763
2021-12-06,2261.207502887615,-0.03264762346060923
2021-12-07,2265.172427595613,0.0017519190978196875
2021-12-08,2271.0048283160845,0.002571506184787964
2021-12-09,2276.749595582312,0.0025264206403408096
2021-12-10,2235.244080378357,-0.01839837951066947
2021-12-13,2207.554959669714,-0.012464880347046403
2021-12-14,2277.8646454682366,0.03135289513710049
2021-12-15,2322.169216196289,0.019263310696851832
2021-12-16,2272.111031791972,-0.02179238652106097
2021-12-17,2244.2848862664428,-0.012322435024993084
2021-12-20,2173.0298988916984,-0.03226447381786901
2021-12-21,2275.396996705344,0.046032080776449824
2021-12-22,2271.2819245837045,-0.0018101446424996226
2021-12-23,2261.940727988254,-0.004121222597096796
2021-12-24,2280.3005348961233,0.008084073845075146
2021-12-27,2243.4422429407437,-0.016295845904302553
2021-12-28,2346.249777844159,0.044806812306747545
2021-12-29,2337.013828172128,-0.003944241632623857
2021-12-30,2349.2505957888975,0.005222409288675678
2021-12-31,2389.1679680143047,0.016848792904833765
2022-01-03,2425.9821634737223,0.015291283464144101
2022-01-04,2471.654067814108,0.01865113134013896
2022-01-05,2525.3227590421775,0.02148129032334456
2022-01-06,2477.9398827209966,-0.018941357412082915
2022-01-07,2473.747826385755,-0.0016931832470117314
2022-01-10,2487.579975105987,0.005576001067660208
2022-01-11,2593.7130794291807,0.041780130128456605
2022-01-12,2644.8559520540584,0.019526132897563997
2022-01-13,2769.2797536569774,0.045970666302520335
2022-01-14,2774.740144300515,0.0019698314615297363
2022-01-17,2714.188867734479,-0.022063951954012673
2022-01-18,2771.045909857099,0.02073168455178731
2022-01-19,2742.4168071432846,-0.010385255689703499
2022-01-20,2746.2653357881654,0.0014023509379361698
2022-01-21,2787.3056907716,0.014833498043816284
2022-01-24,2781.6291532771806,-0.0020386445952027543
2022-01-25,2841.6090576394645,0.021333678909668308
2022-01-26,2779.984581541134,-0.02192507984558123
2022-01-27,2795.6641567225297,0.0056243200567518414
2022-01-28,2762.184879968344,-0.0120477117980613
2022-01-31,2838.201901244531,0.027148728557314428
2022-02-01,2793.266689156448,-0.015958951050890846
2022-02-02,2753.727922431069,-0.01425616541601471
2022-02-03,2817.9095518749245,0.023039714566602143
2022-02-04,2794.9469736739557,-0.008182181819441858
2022-02-07,2704.464415836089,-0.032909239723396766
2022-02-08,2612.311260189573,-0.03466852507417517
2022-02-09,2634.1677608199657,0.008331922031618255
2022-02-10,2600.931779182984,-0.012697534374528807
2022-02-11,2566.334065652458,-0.013391310450757032
2022-02-14,2542.167413272583,-0.009461417505447045
2022-02-15,2554.8905859139686,0.004992369743163749
2022-02-16,2586.421504443769,0.012265862603624278
2022-02-17,2549.2721377861353,-0.014467379561921234
2022-02-18,2560.9815856182686,0.004582734619008377
2022-02-21,2561.4806837554165,0.00019486649680633406
2022-02-22,2525.459121036777,-0.014162607067388144
2022-02-23,2566.3593699618045,0.01606543072308586
2022-02-24,2525.4136570370656,-0.016083433156214078
2022-02-25,2602.2136580059573,0.02995761583284473
2022-02-28,2634.958137876173,0.012504805201589697
2022-03-01,2727.5618154080107,0.0345408073161142
2022-03-02,2737.857222890819,0.003767476780209833
2022-03-03,2715.210654533021,-0.008306039486819294
2022-03-04,2619.878990318443,-0.035741409717617856
2022-03-07,2674.419943451514,0.02060438345947624
2022-03-08,2722.1559362878743,0.01769167671845473
2022-03-09,2720.3383138330105,-0.0006679373239206754
2022-03-10,2695.5080211705704,-0.009169560990330616
2022-03-11,2778.1803984037906,0.030209488785382987
2022-03-14,2798.1860670747064,0.007175193604897601
2022-03-15,2900.871748997779,0.03603992086409047
2022-03-16,2909.314438561956,0.0029061703820705276
2022-03-17,2929.7845195385707,0.007011412199848799
2022-03-18,3000.069184208998,0.02370647230022982
2022-03-21,2992.913061636072,-0.002388168588032258
2022-03-22,3039.293061222646,0.015377761507584964
2022-03-23,3059.9727690642567,0.0067810742013314496
2022-03-24,2979.4179715911337,-0.026678047031154506
2022-03-25,3000.2959638886873,0.006982968536695111
2022-03-28,3027.999064295308,0.009191088126128122
2022-03-29,3062.8016554777296,0.011428044210141763
2022-03-30,2953.714744925728,-0.036266457020278864
2022-03-31,2849.5724924297438,-0.03589463337481025
2022-04-01,2749.6599546523166,-0.03569172919367247
2022-04-04,2688.4694290865314,-0.02250520496873687
2022-04-05,2704.5013727448054,0.005945513696858029
2022-04-06,2605.843292863206,-0.0371612162194257
2022-04-07,2626.812260706994,0.008014699180878715
2022-04-08,2666.819989668773,0.015115704615969783
2022-04-11,2631.103408112151,-0.013483442469454765
2022-04-12,2664.3100214934116,0.012541815326405192
2022-04-13,2706.1895492043104,0.015596454701083395
2022-04-14,2732.934925861682,0.009834521104444605
2022-04-15,2758.338423960789,0.009252381990855874
2022-04-18,2683.085433708177,-0.027661064596875562
2022-04-19,2648.387517072425,-0.013016442868214462
2022-04-20,2632.7578272207074,-0.005919070377896851
2022-04-21,2622.630550769936,-0.003854059208589611
2022-04-22,2662.796965584545,0.015199220099172628
2022-04-25,2686.279380209332,0.00878004498717555
2022-04-26,2615.3522192833684,-0.026758325839469244
2022-04-27,2542.713211543785,-0.028167075894434568
2022-04-28,2487.600625710774,-0.02191306265940529
2022-04-29,2467.0880643271053,-0.00828010793905154
2022-05-02,2419.2029956359374,-0.019600388562674986
2022-05-03,2492.3189300072986,0.02977542900238017
2022-05-04,2487.4639855847377,-0.001949862491215093
2022-05-05,2458.630124831231,-0.011659376773359043
2022-05-06,2430.156376589805,-0.011648727227536959
2022-05-09,2465.5402638262485,0.014455349657556127
2022-05-10,2516.46123699223,0.020442686130324184
2022-05-11,2467.040930725777,-0.01983421487090098
2022-05-12,2457.9123034012,-0.0037070962280596476
2022-05-13,2463.3532149608927,0.0022111848085675234
2022-05-16,2467.130322957961,0.0015321453593371004
2022-05-17,2554.9289203269946,0.03496874079097001
2022-05-18,2586.599018459747,0.012319489091906277
2022-05-19,2525.88901176829,-0.023750807898744952
2022-05-20,2556.118112357209,0.011896660661088632
2022-05-23,2497.9485565072277,-0.023019927670937967
2022-05-24,2471.5726281935617,-0.01061517800498546
2022-05-25,2440.0123969258366,-0.01285151961462283
2022-05-26,2457.416106070623,0.007107314540630405
2022-05-27,2492.3117437835836,0.014100256387459709
2022-05-30,2546.5334578408533,0.021522315084094856
2022-05-31,2552.6593100627183,0.0024026764421982705
2022-06-01,2538.8666981024135,-0.005417882841635802
2022-06-02,2543.246069226943,0.0017234455074177646
2022-06-03,2534.002427920945,-0.0036412050834861986
2022-06-06,2465.9001399655976,-0.027243130856230202
2022-06-07,2467.074269876126,0.0004760332550510782
2022-06-08,2443.707676742711,-0.009516516813415699
2022-06-09,2454.8668516522566,0.0045560985745547455
2022-06-10,2483.6708870723182,0.011665137970003236
2022-06-13,2515.8145222743924,0.012858954667829714
2022-06-14,2474.0043600931176,-0.01675858049939105
2022-06-15,2368.9630035412906,-0.043385728189435646
2022-06-16,2363.443652698744,-0.0023325777964569028
2022-06-17,2380.2407869105514,0.007081923188063222
2022-06-20,2355.222155613648,-0.010566596923612614
2022-06-21,2380.8082235685047,0.010804963157352354
2022-06-22,2437.4530799894087,0.02351365469897626
2022-06-23,2423.5870466039546,-0.00570498108727957
2022-06-24,2393.4674778245057,-0.012505551330583842
2022-06-27,2401.589978125771,0.0033878668378060084
2022-06-28,2409.0185499858785,0.003088414998377864
2022-06-29,2438.8611373157282,0.012311759455269744
2022-06-30,2466.7292114761412,0.011361883881325419
2022-07-01,2572.421184990277,0.041954483516404295
2022-07-04,2658.8997988399296,0.033064877034147955
2022-07-05,2741.7016696185115,0.030666347160986263
2022-07-06,2838.9056937054725,0.03483988386490111
2022-07-07,2836.5642169671855,-0.0008251217636550123
2022-07-08,2833.1618502713704,-0.0012001874742715302
2022-07-11,2818.0250553038286,-0.005357044960643265
2022-07-12,2846.415476893254,0.010024170669486132
2022-07-13,2831.075987717507,-0.005403628203199062
2022-07-14,2859.096301302888,0.009848749266037515
2022-07-15,2851.34826847304,-0.0027136372623077776
2022-07-18,2876.821706718895,0.008894151633406011
2022-07-19,2876.063555248497,-0.000263572604097817
2022-07-20,2951.4659643986597,0.025879445902085685
2022-07-21,3059.1663807141717,0.035840470243076794
2022-07-22,3047.4816746827337,-0.0038268851211640253
2022-07-25,2995.9365189965856,-0.01705869228101875
2022-07-26,3029.709311482823,0.011209801270126718
2022-07-27,3002.6255824768778,-0.008979578046728776
2022-07-28,2968.6667029158575,-0.011374169625972819
2022-07-29,2926.7948454679135,-0.014205015565218027
2022-08-01,2867.274146421279,-0.020546111193199046
2022-08-02,2909.1786552662797,0.014508988610673512
2022-08-03,2897.0446238826953,-0.004179670145280312
2022-08-04,2932.702797647011,0.012233332213256176
2022-08-05,3027.625923000533,0.031854334281672614
2022-08-08,3066.755804892981,0.012841473133480719
2022-08-09,3060.7311888908916,-0.0019664237393062223
2022-08-10,3116.996342617142,0.018215989380102826
2022-08-11,3042.211634139119,-0.02428506527808949
2022-08-12,3079.8449060815374,0.012294478409197396
2022-08-15,3210.399246841142,0.041516064821561116
2022-08-16,3254.02283167502,0.013496719896471276
2022-08-17,3236.9242925065873,-0.005268438762740857
2022-08-18,3203.213206582515,-0.010469153440212153
2022-08-19,3190.9819668028276,-0.0038257370525371925
2022-08-22,3178.401502777591,-0.003950297684227166
2022-08-23,3083.887838776336,-0.030187312037444514
2022-08-24,3066.700605636458,-0.0055888239091448355
2022-08-25,3064.5476793919597,-0.0007022799380802525
2022-08-26,2985.9964921575793,-0.025966458089659028
2022-08-29,3065.919425304328,0.026413975680679158
2022-08-30,3047.2775345710274,-0.006098919645660672
2022-08-31,3073.491594085939,0.0085656620081771
2022-09-01,3058.504139211208,-0.004888289350095221
2022-09-02,3012.1382162393206,-0.015275755635901334
2022-09-05,3045.670438315837,0.011070856302847432
2022-09-06,3075.416054907056,0.009719140801415449
2022-09-07,3180.6002496365013,0.03362974221217563
2022-09-08,3136.5935463431406,-0.013932583543473598
2022-09-09,3210.0681525214604,0.023154815048203048
2022-09-12,3224.5053617439307,0.004487394049331073
2022-09-13,3295.973897590769,0.02192213031461776
2022-09-14,3320.2842800970548,0.007348713202322443
2022-09-15,3408.418187372264,0.02619790320348514
2022-09-16,3390.63433144625,-0.005231286692783499
2022-09-19,3427.240908527007,0.010738515319722808
2022-09-20,3605.2435716816967,0.0506337957864158
2022-09-21,3664.770103508517,0.016376272400750125
2022-09-22,3606.0962026972497,-0.016139802882962684
2022-09-23,3580.03044755553,-0.007254497652317227
2022-09-26,3672.264841836884,0.02543728956040958
2022-09-27,3654.3383845135745,-0.004893534573316316
2022-09-28,3642.7301407558834,-0.003181621087902542
2022-09-29,3549.983467976277,-0.02579049261102284
2022-09-30,3417.122270589919,-0.038144191052335685
2022-10-03,3590.149078568755,0.04939497218567013
2022-10-04,3572.040014835998,-0.0050568623885158814
2022-10-05,3570.141357691942,-0.000531674313421604
2022-10-06,3508.784209880963,-0.01733559247634986
2022-10-07,3422.6785137543084,-0.024846162826847262
2022-10-10,3336.3712163520613,-0.025539681505881262
2022-10-11,3345.752124753568,0.00280776456390619
2022-10-12,3285.328670215492,-0.01822482000691039
2022-10-13,3169.242575994805,-0.035974074425446645
2022-10-14,3217.9517570643548,0.015252432545860728
2022-10-17,3286.9654894350733,0.02121973865178184
2022-10-18,3237.2233247832623,-0.015248831672522556
2022-10-19,3261.5160017570424,0.007476154651550715
2022-10-20,3216.8955960058306,-0.013775324605845185
2022-10-21,3208.8460914933366,-0.002505394432120056
2022-10-24,3293.5822250364854,0.026064395178893918
2022-10-25,3249.7848957950223,-0.0133869863978191
2022-10-26,3281.3521261790906,0.00966676280027734
2022-10-27,3278.824245476215,-0.0007706746540883103
2022-10-28,3261.7713511588554,-0.005214489324615101
2022-10-31,3256.6009370869697,-0.0015864129655724923
2022-11-01,3339.747899271025,0.02521133078169413
2022-11-02,3319.4072531383304,-0.0061090961025271895
2022-11-03,3282.8804799757067,-0.011064996654324588
2022-11-04,3299.2296751875033,0.004967777338755752
2022-11-07,3458.476661010831,0.04713921127594034
2022-11-08,3466.377229502444,0.002281801766351066
2022-11-09,3458.8506740002795,-0.0021736637611073917
2022-11-10,3522.1609701493962,0.018138354474578122
2022-11-11,3669.5319295715212,0.04098940108892002
2022-11-14,3732.785906813629,0.017090732471588765
2022-11-15,3792.020486405765,0.015744140133438833
2022-11-16,3628.2945863940745,-0.04413625994103576
2022-11-17,3576.3136455063022,-0.01443016503029071
2022-11-18,3475.4879382336026,-0.02859767890019782
2022-11-21,3443.211079640794,-0.00933039366724664
2022-11-22,3422.982563134505,-0.005892223867737911
2022-11-23,3545.049602842815,0.03503988672065894
2022-11-24,3574.802569395541,0.008357797051592897
2022-11-25,3508.928798907731,-0.018599143874260093
2022-11-28,3447.6656168719146,-0.01761343616959188
2022-11-29,3456.4638874102093,0.002548699382170838
2022-11-30,3326.673639985008,-0.038273170774465015
2022-12-01,3249.4937378934487,-0.0234736865890266
2022-12-02,3180.7706847452123,-0.021375690129280756
2022-12-05,3190.17137556168,0.0029511169777087787
2022-12-06,3230.4321123786854,0.012541271108544194
2022-12-07,3274.3155152688855,0.013492935062828337
2022-12-08,3335.225956739575,0.01843158594602734
2022-12-09,3217.7850624356943,-0.035847176160515914
2022-12-12,3204.841445032484,-0.004030636037043678
2022-12-13,3197.0181109790783,-0.0024440829666350083
2022-12-14,3141.963654781773,-0.017370562829427172
2022-12-15,3139.9308504776204,-0.0006471946873372048
2022-12-16,3141.7581788287735,0.0005817952446136587
2022-12-19,3205.784323432412,0.020174206352157498
2022-12-20,3087.626052770942,-0.037554251204451106
2022-12-21,3017.752743749992,-0.02289009812654541
2022-12-22,2975.197121845814,-0.014202133556056928
2022-12-23,2949.7192777559603,-0.008600290505508923
2022-12-26,2944.980153587468,-0.0016079276796885367
2022-12-27,3001.760652072202,0.019096922481791623
2022-12-28,3036.386929900545,0.011469298135891037
2022-12-29,3153.154763974329,0.037735165352435374
2022-12-30,3160.303696024919,0.0022646652864768413
2023-01-02,3150.251523755057,-0.0031858308569781
2023-01-03,3107.2752645394935,-0.013736077014709025
2023-01-04,3182.1332350981043,0.023805579088111983
2023-01-05,3208.860577921666,0.008364113445319177
2023-01-06,3208.179644486581,-0.0002122266384638749
2023-01-09,3142.486718085431,-0.0206892524118647
2023-01-10,3208.8505240842405,0.020898345896695147
2023-01-11,3218.400235705965,0.0029716340644281303
2023-01-12,3239.8296217414154,0.006636327648832818
2023-01-13,3342.69077768484,0.03125536217139668
2023-01-16,3394.8668971410643,0.015488449976515994
2023-01-17,3479.929597879358,0.024747508400119855
2023-01-18,3558.2247085633926,0.022249680025888452
2023-01-19,3641.735908568324,0.023198722814095518
2023-01-20,3694.1733886663114,0.014296352665455814
2023-01-23,3728.413534861234,0.009225998811848157
2023-01-24,3646.824775459658,-0.022125952945726723
2023-01-25,3635.997551697788,-0.002973361494305493
2023-01-26,3635.2229941095657,-0.00021304747566652793
2023-01-27,3663.581287120479,0.007770707260194243
2023-01-30,3700.769553813415,0.010099622791823748
2023-01-31,3662.523383887725,-0.01038842653886718
2023-02-01,3682.9180911283825,0.005553038498231189
2023-02-02,3679.7551275266123,-0.0008591889664018026
2023-02-03,3683.403522772908,0.0009909865366601878
2023-02-06,3658.136974396939,-0.0068832006424610626
2023-02-07,3725.0623189802077,0.018129587191078045
2023-02-08,3683.5284691749725,-0.011212465670233485
2023-02-09,3678.3283294255402,-0.001412725282918359
2023-02-10,3648.116315009883,-0.008247434365211248
2023-02-13,3680.06254840749,0.008718792585467483
2023-02-14,3677.943250753038,-0.0005760521997153489
2023-02-15,3694.774023197121,0.004565698386629791
2023-02-16,3666.2135618318352,-0.00775999262467586
2023-02-17,3638.9811520483822,-0.00745566326349234
2023-02-20,3520.7482752517294,-0.033030193970025934
2023-02-21,3497.366426039387,-0.006663309655007055
2023-02-22,3537.441511901518,0.011393493534615828
2023-02-23,3568.2157601935132,0.008661954701139507
2023-02-24,3552.3685440731642,-0.004451107270808663
2023-02-27,3478.266875030432,-0.02108043121042691
2023-02-28,3387.18383471425,-0.026535296390141738
2023-03-01,3454.6139892383017,0.019711876796911554
2023-03-02,3486.653469574785,0.009231659223452482
2023-03-03,3582.1882353276023,0.027031467655801222
2023-03-06,3602.350705296158,0.0056127534603636065
2023-03-07,3654.166641606216,0.014281456111266522
2023-03-08,3764.8899969784406,0.02985058138287755
2023-03-09,3862.192935200787,0.025516496531489352
2023-03-10,3808.5354028207626,-0.013990433560330473
2023-03-13,3730.630490529476,-0.0206674548412753
2023-03-14,3626.624355341739,-0.028274965718898315
2023-03-15,3780.6853792317265,0.04160302448657305
2023-03-16,3870.586003550644,0.02350060723204983
2023-03-17,3892.8178899795735,0.005727371010474158
2023-03-20,3804.1299301116055,-0.02304598841450911
2023-03-21,3981.4021926523274,0.04554676668089819
2023-03-22,3965.911804335812,-0.0038982750496785457
2023-03-23,3993.1810143978064,0.006852368073847259
2023-03-24,4107.085323897315,0.028125450009703457
2023-03-27,4072.716578148284,-0.008403369277333539
2023-03-28,3970.684824422645,-0.025371661040750837
2023-03-29,4007.189662708569,0.00915158370122704
2023-03-30,3943.982116152108,-0.015899261092590322
2023-03-31,3843.125906874217,-0.02590482858722254
2023-04-03,3819.068982773865,-0.006279402572138437
2023-04-04,3924.6074291924433,0.027259657065537013
2023-04-05,3854.030748434517,-0.018146779914538058
2023-04-06,3934.3418548603654,0.020624065438182626
2023-04-07,3850.458999631666,-0.021551251838715757
2023-04-10,3948.368902122943,0.025110195582982442
2023-04-11,3920.456491962745,-0.007094458406331938
2023-04-12,4032.9593550413924,0.02829233869140957
2023-04-13,4149.853039631199,0.02857248373343957
2023-04-14,4176.2713840277265,0.006345913586956797
2023-04-17,4203.175479300556,0.006421471049684158
2023-04-18,4265.379286848764,0.014690800967930073
2023-04-19,4211.671997781339,-0.012671389114931486
2023-04-20,4310.263192838939,0.02313924990695071
2023-04-21,4194.40239307339,-0.027248095058990174
2023-04-24,4181.349897424171,-0.0031167364464845804
2023-04-25,4148.473462676913,-0.007893710115691732
2023-04-26,4189.780504385329,0.00990792071970148
2023-04-27,4094.328825518592,-0.023045544074106417
2023-04-28,4059.7834499195405,-0.008473168166633016
2023-05-01,4178.6243025284475,0.028852443406140793
2023-05-02,4238.663960343041,0.014266037756540229
2023-05-03,4179.303934308903,-0.0141034061180072
2023-05-04,4109.573646580095,-0.01682542227563033
2023-05-05,3991.976605982261,-0.029032789294788586
2023-05-08,3971.5694470553512,-0.005125154914885854
2023-05-09,3835.6718214918565,-0.03481674220099862
2023-05-10,3884.0532816728137,0.01253466749108334
2023-05-11,3821.8242132151413,-0.016151417224641307
2023-05-12,3734.5022885295425,-0.02311329773544024
2023-05-15,3758.398016432796,0.006378253531041267
2023-05-16,3765.358804202294,0.0018503494787154295
2023-05-17,3716.014653365606,-0.013191392371316724
2023-05-18,3604.0964145832963,-0.0305806727683251
2023-05-19,3657.21025420515,0.014629539652219137
2023-05-22,3584.5870081254457,-0.020057363694062857
2023-05-23,3543.2026350067204,-0.01161225014404721
2023-05-24,3614.7374364054904,0.019988203966688545
2023-05-25,3676.3804193764904,0.016909465182587624
2023-05-26,3696.163741279986,0.0053667686367084855
2023-05-29,3738.286282409761,0.011331838062755395
2023-05-30,3823.5881654257337,0.022561998908232184
2023-05-31,3791.8453830353365,-0.008336483018000607
2023-06-01,3872.234365715539,0.020978886872715208
2023-06-02,4008.190410730895,0.034508174403308445
2023-06-05,3967.870987302969,-0.010110194707941389
2023-06-06,4057.00257074922,0.02221474226823439
2023-06-07,4046.3771569156816,-0.0026224662499281237
2023-06-08,4086.50226637832,0.009867460943356221
2023-06-09,4146.838506003057,0.014656825563511333
2023-06-12,4185.89996096238,0.009375487119422488
2023-06-13,4113.085439101688,-0.01754826328575021
2023-06-14,3999.9141951018387,-0.027900552307134063
2023-06-15,4055.790394056559,0.013872677294314073
2023-06-16,3992.746477944362,-0.01566625251842879
2023-06-19,3939.557758880398,-0.013410861370120486
2023-06-20,4017.7083929900978,0.01964321552376802
2023-06-21,4009.635702121843,-0.0020112987543559058
2023-06-22,3941.5406439399617,-0.01712871658079429
2023-06-23,3939.2906633701696,-0.0005710008356185625
2023-06-26,3926.5216209460373,-0.003246722189480522
2023-06-27,3972.5116933247805,0.011644612758075823
2023-06-28,3997.1568058929033,0.006184746863445056
2023-06-29,3954.9083896021184,-0.010625872090033184
2023-06-30,3964.365232144165,0.0023883117288079347
2023-07-03,3971.4328326387567,0.0017811951124482306
2023-07-04,4107.251377446194,0.03362709556641086
2023-07-05,4150.537061990993,0.010483698223771043
2023-07-06,4089.629129986823,-0.014783449719034891
2023-07-07,4203.196248607549,0.027390958761623452
2023-07-10,4336.366738986946,0.03119159314525355
2023-07-11,4366.558909353623,0.006938423401924965
2023-07-12,4287.570722740803,-0.0182549565313348
2023-07-13,4242.057456042303,-0.010671906840718393
2023-07-14,4265.156918832693,0.005430571875006507
2023-07-17,4252.088851577304,-0.003068615808951236
2023-07-18,4162.8120936834075,-0.021219526723875504
2023-07-19,4039.3314700860274,-0.030111629378737348
2023-07-20,4025.0235533165032,-0.0035484379695773782
2023-07-21,4101.147356779362,0.018736015069340084
2023-07-24,3929.0646741449505,-0.04286537652364153
2023-07-25,3939.7418708951564,0.002713805007655168
2023-07-26,3911.3736590588305,-0.007226574410978515
2023-07-27,4041.4789828017606,0.03272207808083749
2023-07-28,3985.4082721409236,-0.013970950606866595
2023-07-31,4020.8252315417612,0.00884740381621718
2023-08-01,3985.523506358921,-0.008818490203301721
2023-08-02,4070.9142077172637,0.02119892245340438
2023-08-03,4170.087852228548,0.02406950797777263
2023-08-04,4217.06105960749,0.01120135078481077
2023-08-07,4125.176333304212,-0.022029687713621016
2023-08-08,4145.703904735818,0.004963828030399853
2023-08-09,3999.1864178544215,-0.03598164947526783
2023-08-10,3990.8717285443618,-0.0020812595250401245
2023-08-11,4027.741219298205,0.009196041964461443
2023-08-14,4013.574232939813,-0.00352355310520025
2023-08-15,3948.290560170978,-0.016399458565755864
2023-08-16,3951.6772906697533,0.0008574036680144559
2023-08-17,4007.9732505081506,0.014145570403082175
2023-08-18,3925.633030381061,-0.0207580698797436
2023-08-21,3959.711127544775,0.008643455160244784
2023-08-22,3779.6604512114104,-0.04653689714098519
2023-08-23,3838.8007552130043,0.015525836617952038
2023-08-24,3769.212020441765,-0.018294048024641185
2023-08-25,3855.854093055763,0.022726570626360854
2023-08-28,4068.5331383410685,0.05368998912725864
2023-08-29,3984.6260401717327,-0.02083906024712867
2023-08-30,3954.2366427590637,-0.007655894064427571
2023-08-31,4018.1539428824017,0.016035007059238993
2023-09-01,4016.4264014434907,-0.0004300265580781115
2023-09-04,3954.9251325322216,-0.015430881198488677
2023-09-05,3790.027079673098,-0.04258850711165252
2023-09-06,3810.504449962966,0.00538841783808941
2023-09-07,3815.5766420312257,0.001330222628112665
2023-09-08,3681.956203906559,-0.035647616475213084
2023-09-11,3592.7230841604187,-0.024533753857699736
2023-09-12,3636.600096595829,0.012138771530704418
2023-09-13,3598.5326685742216,-0.010523035454157892
2023-09-14,3627.877278169321,0.008121535065706453
2023-09-15,3486.7424352346675,-0.039679804697433596
2023-09-18,3357.6650534632863,-0.037722092840780874
2023-09-19,3439.243159169219,0.02400562747111401
2023-09-20,3390.49716179785,-0.014274869272627555
2023-09-21,3444.3096057464927,0.0157469136268098
2023-09-22,3415.087031361378,-0.008520501940603609
2023-09-25,3321.0696379787246,-0.027916066569707354
2023-09-26,3274.4148680407325,-0.014147724276206475
2023-09-27,3272.464475770684,-0.0005958235138674439
2023-09-28,3337.336600767298,0.01962970059273239
2023-09-29,3486.4299200487126,0.04370520314741633
2023-10-02,3529.824398370872,0.012369857100177128
2023-10-03,3641.7538698396247,0.031217273774373666
2023-10-04,3688.565702438224,0.01277228598512714
2023-10-05,3595.7858691856372,-0.025475116072010806
2023-10-06,3566.7170977826772,-0.00811697562632041
2023-10-09,3494.6886629074174,-0.02040130126035855
2023-10-10,3566.91906786762,0.020457925983096814
2023-10-11,3483.693016981621,-0.023609274112217804
2023-10-12,3439.844990460949,-0.012666533418025594
2023-10-13,3473.1582409881767,0.009637926464884927
2023-10-16,3446.2563315535826,-0.007775815338311176
2023-10-17,3465.062094571219,0.005442032408376818
2023-10-18,3377.5447163753547,-0.025581522738521656
2023-10-19,3450.6726627764697,0.021420156502037102
2023-10-20,3514.066753105201,0.018204799158942464
2023-10-23,3582.3669308783983,0.019249749908391678
2023-10-24,3476.4669774432655,-0.030007194105323265
2023-10-25,3392.3204169600635,-0.024502365702456785
2023-10-26,3412.0640539418687,0.005803226574219167
2023-10-27,3427.072721930284,0.0043890603665310834
2023-10-30,3509.7730497395773,0.02384491423720192
2023-10-31,3513.399690231756,0.001032764235993966
2023-11-01,3596.411653032114,0.02335244388730473
2023-11-02,3716.869267160503,0.03294513377917241
2023-11-03,3668.2786675424813,-0.013159194975061794
2023-11-06,3673.909810924798,0.0015339144460675413
2023-11-07,3743.592516608988,0.01878927774946426
2023-11-08,3641.040129848407,-0.027776325528172663
2023-11-09,3561.6336299485833,-0.022050066362741205
2023-11-10,3532.4004654309774,-0.00824166605246468
2023-11-13,3605.283466174105,0.020422740666221628
2023-11-14,3647.2055122827296,0.011560862250533432
2023-11-15,3622.720334293418,-0.006736044105291938
2023-11-16,3587.557860539462,-0.009753507855469579
2023-11-17,3610.1421906543965,0.006275450232962498
2023-11-20,3568.692223616873,-0.011547954800301241
2023-11-21,3584.8105641581037,0.004506426654705464
2023-11-22,3640.7119463594277,0.01547362076625447
2023-11-23,3601.1694326023694,-0.010920617080923734
2023-11-24,3512.740720848998,-0.024862070164084926
2023-11-27,3463.446551981255,-0.014132358370273934
2023-11-28,3363.502942138772,-0.02928123335887811
2023-11-29,3413.904545341387,0.0148736910017373
2023-11-30,3410.580380414092,-0.0009741878621927214
2023-12-01,3413.103473230295,0.000739510500574525
2023-12-04,3478.2180523192487,0.018898121862120476
2023-12-05,3364.730428112099,-0.03317225933953871
2023-12-06,3369.5445445180258,0.0014297358648267533
2023-12-07,3266.1768088663916,-0.031157455941686507
2023-12-08,3230.035989534864,-0.011126849851002873
2023-12-11,3068.6340077288305,-0.0512607654857824
2023-12-12,3090.9557428003154,0.0072478310052499495
2023-12-13,3093.323427406226,0.0007657108149334846
2023-12-14,3072.015313984328,-0.006912255483806362
2023-12-15,3141.027032957854,0.022216026706862735
2023-12-18,3149.000193773911,0.002535176653145399
2023-12-19,3137.603267427142,-0.0036257858166965917
2023-12-20,3054.2493606349863,-0.026925363871416863
2023-12-21,3003.6844724305133,-0.016694161389343876
2023-12-22,3067.5867378044554,0.021051481009539685
2023-12-25,3253.98757807935,0.0589900177724747
2023-12-26,3246.643360952835,-0.002259540749220079
2023-12-27,3235.582926519279,-0.003412545220331964
2023-12-28,3213.8306815347605,-0.006745521000009802
2023-12-29,3168.9852034151386,-0.014052172856368728
